{
  "version": 1,
  "author": "Anonymous maker",
  "editor": "wokwi",
  "parts": [
    {
      "type": "wokwi-breadboard",
      "id": "bb1",
      "top": -136.2,
      "left": -245.2,
      "rotate": 270,
      "attrs": {}
    },
    { "type": "board-esp32-devkit-c-v4", "id": "esp", "top": 48, "left": 24.04, "attrs": {} },
    {
      "type": "wokwi-led",
      "id": "led1",
      "top": -157.2,
      "left": -15.4,
      "attrs": { "color": "red" }
    },
    {
      "type": "wokwi-led",
      "id": "led2",
      "top": -118.8,
      "left": -15.4,
      "attrs": { "color": "red" }
    },
    {
      "type": "wokwi-led",
      "id": "led3",
      "top": -80.4,
      "left": -15.4,
      "attrs": { "color": "red" }
    },
    { "type": "wokwi-led", "id": "led4", "top": -42, "left": -15.4, "attrs": { "color": "red" } },
    {
      "type": "wokwi-led",
      "id": "led5",
      "top": -310.8,
      "left": -15.4,
      "attrs": { "color": "red" }
    },
    {
      "type": "wokwi-led",
      "id": "led6",
      "top": -272.4,
      "left": -15.4,
      "attrs": { "color": "red" }
    },
    {
      "type": "wokwi-led",
      "id": "led7",
      "top": -195.6,
      "left": -15.4,
      "attrs": { "color": "red" }
    },
    { "type": "wokwi-led", "id": "led8", "top": -234, "left": -15.4, "attrs": { "color": "red" } },
    {
      "type": "wokwi-resistor",
      "id": "r2",
      "top": -274.45,
      "left": 48,
      "attrs": { "value": "330" }
    },
    {
      "type": "wokwi-resistor",
      "id": "r3",
      "top": -197.65,
      "left": 48,
      "attrs": { "value": "330" }
    },
    {
      "type": "wokwi-resistor",
      "id": "r4",
      "top": -236.05,
      "left": 48,
      "attrs": { "value": "330" }
    },
    {
      "type": "wokwi-resistor",
      "id": "r5",
      "top": -159.25,
      "left": 48,
      "attrs": { "value": "330" }
    },
    {
      "type": "wokwi-resistor",
      "id": "r6",
      "top": -82.45,
      "left": 48,
      "attrs": { "value": "330" }
    },
    {
      "type": "wokwi-resistor",
      "id": "r7",
      "top": -120.85,
      "left": 48,
      "attrs": { "value": "330" }
    },
    {
      "type": "wokwi-resistor",
      "id": "r8",
      "top": -5.65,
      "left": 48,
      "attrs": { "value": "330" }
    },
    {
      "type": "wokwi-resistor",
      "id": "r9",
      "top": -44.05,
      "left": 48,
      "attrs": { "value": "330" }
    }
  ],
  "connections": [
    [ "esp:TX", "$serialMonitor:RX", "", [] ],
    [ "esp:RX", "$serialMonitor:TX", "", [] ],
    [ "led1:C", "bb1:tn.33", "green", [ "v0" ] ],
    [ "led8:A", "bb1:49t.a", "green", [ "v0" ] ],
    [ "led7:A", "bb1:45t.a", "green", [ "v0" ] ],
    [ "led1:A", "bb1:41t.a", "green", [ "v0" ] ],
    [ "led2:A", "bb1:37t.a", "green", [ "v0" ] ],
    [ "led3:A", "bb1:33t.a", "green", [ "v0" ] ],
    [ "led4:A", "bb1:29t.a", "green", [ "v0" ] ],
    [ "bb1:53t.a", "led6:A", "green", [ "h0" ] ],
    [ "bb1:57t.a", "led5:A", "green", [ "h0" ] ],
    [ "esp:GND.1", "bb1:tn.6", "black", [ "h0" ] ],
    [ "bb1:9b.j", "bb1:29b.i", "green", [ "h57.6", "v-192" ] ],
    [ "bb1:12b.j", "bb1:33b.i", "red", [ "h67.2", "v-201.6" ] ],
    [ "bb1:13b.j", "bb1:37b.i", "violet", [ "h76.8", "v-230.4" ] ],
    [ "bb1:14b.j", "bb1:41b.i", "magenta", [ "h86.4", "v-259.2" ] ],
    [ "bb1:16b.j", "bb1:45b.i", "cyan", [ "h96", "v-278.4" ] ],
    [ "bb1:20b.j", "bb1:53b.i", "blue", [ "h115.2", "v-316.8" ] ],
    [ "bb1:19b.j", "bb1:49b.i", "yellow", [ "h105.6", "v-288" ] ],
    [ "led2:C", "bb1:tn.30", "green", [ "v0" ] ],
    [ "led3:C", "bb1:tn.26", "green", [ "v0" ] ],
    [ "led4:C", "bb1:tn.23", "green", [ "v0" ] ],
    [ "led5:C", "bb1:tn.46", "green", [ "v0" ] ],
    [ "led8:C", "bb1:tn.40", "green", [ "v0" ] ],
    [ "led7:C", "bb1:tn.36", "green", [ "v0" ] ],
    [ "r8:1", "bb1:29t.c", "", [ "$bb" ] ],
    [ "r8:2", "bb1:29b.g", "", [ "$bb" ] ],
    [ "r9:1", "bb1:33t.c", "", [ "$bb" ] ],
    [ "r9:2", "bb1:33b.g", "", [ "$bb" ] ],
    [ "r6:1", "bb1:37t.c", "", [ "$bb" ] ],
    [ "r6:2", "bb1:37b.g", "", [ "$bb" ] ],
    [ "r7:1", "bb1:41t.c", "", [ "$bb" ] ],
    [ "r7:2", "bb1:41b.g", "", [ "$bb" ] ],
    [ "r5:1", "bb1:45t.c", "", [ "$bb" ] ],
    [ "r5:2", "bb1:45b.g", "", [ "$bb" ] ],
    [ "r3:1", "bb1:49t.c", "", [ "$bb" ] ],
    [ "r3:2", "bb1:49b.g", "", [ "$bb" ] ],
    [ "r4:1", "bb1:53t.c", "", [ "$bb" ] ],
    [ "r4:2", "bb1:53b.g", "", [ "$bb" ] ],
    [ "esp:0", "bb1:8b.i", "", [ "$bb" ] ],
    [ "esp:2", "bb1:7b.i", "", [ "$bb" ] ],
    [ "esp:4", "bb1:9b.i", "", [ "$bb" ] ],
    [ "esp:5", "bb1:12b.i", "", [ "$bb" ] ],
    [ "esp:12", "bb1:9t.a", "", [ "$bb" ] ],
    [ "esp:13", "bb1:7t.a", "", [ "$bb" ] ],
    [ "esp:14", "bb1:10t.a", "", [ "$bb" ] ],
    [ "esp:15", "bb1:6b.i", "", [ "$bb" ] ],
    [ "esp:16", "bb1:10b.i", "", [ "$bb" ] ],
    [ "esp:17", "bb1:11b.i", "", [ "$bb" ] ],
    [ "esp:18", "bb1:13b.i", "", [ "$bb" ] ],
    [ "esp:19", "bb1:14b.i", "", [ "$bb" ] ],
    [ "esp:21", "bb1:16b.i", "", [ "$bb" ] ],
    [ "esp:22", "bb1:19b.i", "", [ "$bb" ] ],
    [ "esp:23", "bb1:20b.i", "", [ "$bb" ] ],
    [ "esp:25", "bb1:13t.a", "", [ "$bb" ] ],
    [ "esp:26", "bb1:12t.a", "", [ "$bb" ] ],
    [ "esp:27", "bb1:11t.a", "", [ "$bb" ] ],
    [ "esp:32", "bb1:15t.a", "", [ "$bb" ] ],
    [ "esp:33", "bb1:14t.a", "", [ "$bb" ] ],
    [ "esp:34", "bb1:17t.a", "", [ "$bb" ] ],
    [ "esp:35", "bb1:16t.a", "", [ "$bb" ] ],
    [ "esp:3V3", "bb1:21t.a", "", [ "$bb" ] ],
    [ "esp:EN", "bb1:20t.a", "", [ "$bb" ] ],
    [ "esp:VP", "bb1:19t.a", "", [ "$bb" ] ],
    [ "esp:VN", "bb1:18t.a", "", [ "$bb" ] ],
    [ "esp:GND.1", "bb1:8t.a", "", [ "$bb" ] ],
    [ "esp:D2", "bb1:6t.a", "", [ "$bb" ] ],
    [ "esp:D3", "bb1:5t.a", "", [ "$bb" ] ],
    [ "esp:CMD", "bb1:4t.a", "", [ "$bb" ] ],
    [ "esp:5V", "bb1:3t.a", "", [ "$bb" ] ],
    [ "esp:GND.2", "bb1:21b.i", "", [ "$bb" ] ],
    [ "esp:TX", "bb1:18b.i", "", [ "$bb" ] ],
    [ "esp:RX", "bb1:17b.i", "", [ "$bb" ] ],
    [ "esp:GND.3", "bb1:15b.i", "", [ "$bb" ] ],
    [ "esp:D1", "bb1:5b.i", "", [ "$bb" ] ],
    [ "esp:D0", "bb1:4b.i", "", [ "$bb" ] ],
    [ "esp:CLK", "bb1:3b.i", "", [ "$bb" ] ],
    [ "led6:C", "bb1:tn.43", "", [ "$bb" ] ],
    [ "r2:1", "bb1:57t.c", "", [ "$bb" ] ],
    [ "r2:2", "bb1:57b.g", "", [ "$bb" ] ],
    [ "esp:25", "r2:2", "green", [ "h-67.05", "v-528", "h145.2" ] ]
  ],
  "dependencies": {}
}